order_id,order_date,branch,product,quantity,channel,unit_price,revenue,month,weekday,is_weekend,price_band
1007,2026-01-15,Nairobi,Laptop,2,Online,65000,130000,1,Thursday,False,Premium
1014,2026-06-12,Nairobi,Tablet,3,Online,28000,84000,6,Friday,False,Premium
1033,2026-04-29,Nairobi,Laptop,2,Online,65000,130000,4,Wednesday,False,Premium
1036,2026-03-02,Nairobi,Laptop,4,Online,65000,260000,3,Monday,False,Premium
1040,2026-02-10,Mombasa,Laptop,5,Online,65000,325000,2,Tuesday,False,Premium
1049,2026-03-25,Mombasa,Tablet,1,Online,28000,28000,3,Wednesday,False,Premium
1059,2026-04-30,Mombasa,Laptop,1,Online,65000,65000,4,Thursday,False,Premium
1078,2026-06-12,Nairobi,Tablet,2,Online,28000,56000,6,Friday,False,Premium
1083,2026-03-16,Nairobi,Tablet,3,Online,28000,84000,3,Monday,False,Premium
1104,2026-03-08,Mombasa,Laptop,3,Online,65000,195000,3,Sunday,True,Premium
1106,2026-03-17,Mombasa,Laptop,4,Online,65000,260000,3,Tuesday,False,Premium
1108,2026-03-31,Nairobi,Tablet,3,Online,28000,84000,3,Tuesday,False,Premium
1131,2026-03-21,Nairobi,Tablet,3,Online,28000,84000,3,Saturday,True,Premium
1142,2026-04-13,Mombasa,Tablet,1,Online,28000,28000,4,Monday,False,Premium
1150,2026-06-09,Nairobi,Tablet,5,Online,28000,140000,6,Tuesday,False,Premium
1153,2026-02-23,Mombasa,Laptop,5,Online,65000,325000,2,Monday,False,Premium
1174,2026-03-30,Mombasa,Tablet,3,Online,28000,84000,3,Monday,False,Premium
1188,2026-05-22,Mombasa,Tablet,3,Online,28000,84000,5,Friday,False,Premium
1194,2026-04-09,Mombasa,Tablet,2,Online,28000,56000,4,Thursday,False,Premium
1198,2026-02-11,Mombasa,Laptop,3,Online,65000,195000,2,Wednesday,False,Premium
1215,2026-04-17,Nairobi,Tablet,4,Online,28000,112000,4,Friday,False,Premium
1240,2026-04-03,Nairobi,Tablet,5,Online,28000,140000,4,Friday,False,Premium
1242,2026-04-29,Nairobi,Laptop,2,Online,65000,130000,4,Wednesday,False,Premium
1249,2026-06-04,Mombasa,Tablet,5,Online,28000,140000,6,Thursday,False,Premium
1252,2026-01-22,Nairobi,Tablet,5,Online,28000,140000,1,Thursday,False,Premium
1274,2026-05-10,Mombasa,Tablet,3,Online,28000,84000,5,Sunday,True,Premium
1278,2026-03-03,Mombasa,Laptop,3,Online,65000,195000,3,Tuesday,False,Premium
1294,2026-01-21,Nairobi,Laptop,1,Online,65000,65000,1,Wednesday,False,Premium
1323,2026-02-19,Nairobi,Tablet,2,Online,28000,56000,2,Thursday,False,Premium
1393,2026-03-14,Nairobi,Tablet,5,Online,28000,140000,3,Saturday,True,Premium
1409,2026-03-25,Nairobi,Laptop,1,Online,65000,65000,3,Wednesday,False,Premium
1412,2026-05-19,Nairobi,Laptop,3,Online,65000,195000,5,Tuesday,False,Premium
1415,2026-03-15,Mombasa,Tablet,2,Online,28000,56000,3,Sunday,True,Premium
1433,2026-03-07,Nairobi,Laptop,4,Online,65000,260000,3,Saturday,True,Premium
1437,2026-03-24,Mombasa,Laptop,1,Online,65000,65000,3,Tuesday,False,Premium
1451,2026-03-14,Mombasa,Tablet,2,Online,28000,56000,3,Saturday,True,Premium
1464,2026-02-06,Nairobi,Laptop,2,Online,65000,130000,2,Friday,False,Premium
1467,2026-04-10,Mombasa,Tablet,4,Online,28000,112000,4,Friday,False,Premium
1468,2026-04-13,Nairobi,Tablet,5,Online,28000,140000,4,Monday,False,Premium
1474,2026-02-23,Nairobi,Laptop,1,Online,65000,65000,2,Monday,False,Premium
1475,2026-05-15,Mombasa,Tablet,3,Online,28000,84000,5,Friday,False,Premium
1479,2026-03-13,Nairobi,Tablet,3,Online,28000,84000,3,Friday,False,Premium
1531,2026-05-26,Nairobi,Laptop,2,Online,65000,130000,5,Tuesday,False,Premium
1554,2026-01-02,Mombasa,Tablet,2,Online,28000,56000,1,Friday,False,Premium
1555,2026-04-21,Nairobi,Tablet,3,Online,28000,84000,4,Tuesday,False,Premium
1582,2026-03-17,Mombasa,Tablet,3,Online,28000,84000,3,Tuesday,False,Premium
1587,2026-02-13,Nairobi,Tablet,3,Online,28000,84000,2,Friday,False,Premium
1592,2026-03-31,Nairobi,Tablet,2,Online,28000,56000,3,Tuesday,False,Premium
1601,2026-06-17,Mombasa,Tablet,3,Online,28000,84000,6,Wednesday,False,Premium
1603,2026-03-27,Nairobi,Tablet,3,Online,28000,84000,3,Friday,False,Premium
1619,2026-01-14,Mombasa,Tablet,3,Online,28000,84000,1,Wednesday,False,Premium
1633,2026-01-11,Mombasa,Tablet,4,Online,28000,112000,1,Sunday,True,Premium
1648,2026-05-08,Nairobi,Laptop,1,Online,65000,65000,5,Friday,False,Premium
1664,2026-06-08,Nairobi,Tablet,4,Online,28000,112000,6,Monday,False,Premium
1680,2026-06-18,Nairobi,Laptop,2,Online,65000,130000,6,Thursday,False,Premium
1686,2026-01-27,Nairobi,Tablet,1,Online,28000,28000,1,Tuesday,False,Premium
1691,2026-05-21,Nairobi,Laptop,5,Online,65000,325000,5,Thursday,False,Premium
1694,2026-04-06,Nairobi,Laptop,4,Online,65000,260000,4,Monday,False,Premium
1697,2026-04-16,Nairobi,Laptop,3,Online,65000,195000,4,Thursday,False,Premium
1699,2026-04-22,Nairobi,Tablet,5,Online,28000,140000,4,Wednesday,False,Premium
1702,2026-01-27,Mombasa,Tablet,2,Online,28000,56000,1,Tuesday,False,Premium
1718,2026-02-21,Nairobi,Laptop,4,Online,65000,260000,2,Saturday,True,Premium
1721,2026-04-10,Nairobi,Laptop,4,Online,65000,260000,4,Friday,False,Premium
1739,2026-03-25,Mombasa,Laptop,2,Online,65000,130000,3,Wednesday,False,Premium
1740,2026-02-08,Mombasa,Tablet,2,Online,28000,56000,2,Sunday,True,Premium
1747,2026-03-12,Mombasa,Tablet,2,Online,28000,56000,3,Thursday,False,Premium
1772,2026-02-24,Nairobi,Tablet,5,Online,28000,140000,2,Tuesday,False,Premium
1786,2026-04-18,Mombasa,Tablet,5,Online,28000,140000,4,Saturday,True,Premium
1817,2026-04-27,Nairobi,Tablet,3,Online,28000,84000,4,Monday,False,Premium
1848,2026-05-25,Nairobi,Laptop,5,Online,65000,325000,5,Monday,False,Premium
1851,2026-06-15,Nairobi,Tablet,1,Online,28000,28000,6,Monday,False,Premium
1854,2026-03-01,Nairobi,Tablet,4,Online,28000,112000,3,Sunday,True,Premium
1870,2026-01-23,Nairobi,Laptop,4,Online,65000,260000,1,Friday,False,Premium
1879,2026-02-10,Nairobi,Tablet,3,Online,28000,84000,2,Tuesday,False,Premium
1914,2026-06-11,Mombasa,Laptop,1,Online,65000,65000,6,Thursday,False,Premium
1920,2026-01-18,Nairobi,Tablet,1,Online,28000,28000,1,Sunday,True,Premium
1939,2026-01-29,Mombasa,Tablet,5,Online,28000,140000,1,Thursday,False,Premium
1948,2026-06-07,Mombasa,Tablet,5,Online,28000,140000,6,Sunday,True,Premium
1964,2026-03-13,Nairobi,Laptop,1,Online,65000,65000,3,Friday,False,Premium
1972,2026-06-22,Nairobi,Laptop,2,Online,65000,130000,6,Monday,False,Premium
1987,2026-06-14,Nairobi,Tablet,3,Online,28000,84000,6,Sunday,True,Premium
1989,2026-06-27,Mombasa,Tablet,2,Online,28000,56000,6,Saturday,True,Premium
1998,2026-01-20,Nairobi,Laptop,3,Online,65000,195000,1,Tuesday,False,Premium
